,Route,Link
1,Yamuna Nagar to Chandigarh,https://www.redbus.in/bus-tickets/yamuna-nagar-to-chandigarh
2,Chandigarh to Delhi,https://www.redbus.in/bus-tickets/chandigarh-to-delhi
3,Delhi to Chandigarh,https://www.redbus.in/bus-tickets/delhi-to-chandigarh
4,Ludhiana to Chandigarh,https://www.redbus.in/bus-tickets/ludhiana-to-chandigarh
5,Chandigarh to Yamuna Nagar,https://www.redbus.in/bus-tickets/chandigarh-to-yamuna-nagar
6,Chandigarh to Ludhiana,https://www.redbus.in/bus-tickets/chandigarh-to-ludhiana
7,Hamirpur (Himachal Pradesh) to Chandigarh,https://www.redbus.in/bus-tickets/hamirpur-himachal-pradesh-to-chandigarh
8,Chandigarh to Vrindavan,https://www.redbus.in/bus-tickets/chandigarh-to-vrindavan
9,Chandigarh to Hamirpur (Himachal Pradesh),https://www.redbus.in/bus-tickets/chandigarh-to-hamirpur-himachal-pradesh
10,Chandigarh to Pathankot,https://www.redbus.in/bus-tickets/chandigarh-to-pathankot
11,Chandigarh to Dehradun,https://www.redbus.in/bus-tickets/chandigarh-to-dehradun
12,Dehradun to Chandigarh,https://www.redbus.in/bus-tickets/dehradun-to-chandigarh
13,Pathankot to Chandigarh,https://www.redbus.in/bus-tickets/pathankot-to-chandigarh
14,Sujanpur (himachal pradesh) to Chandigarh,https://www.redbus.in/bus-tickets/sujanpur-to-chandigarh
15,Chandigarh to Sujanpur (himachal pradesh),https://www.redbus.in/bus-tickets/chandigarh-to-sujanpur
16,Talwara to Chandigarh,https://www.redbus.in/bus-tickets/talwara-to-chandigarh
17,Vrindavan to Chandigarh,https://www.redbus.in/bus-tickets/vrindavan-to-chandigarh
18,Chandigarh to Shimla,https://www.redbus.in/bus-tickets/chandigarh-to-shimla
19,Chandigarh to Dinanagar (punjab),https://www.redbus.in/bus-tickets/chandigarh-to-dinanagar-punjab
20,Chandigarh to Baijnath,https://www.redbus.in/bus-tickets/chandigarh-to-baijnath
21,Dinanagar (punjab) to Chandigarh,https://www.redbus.in/bus-tickets/dinanagar-punjab-to-chandigarh
22,Chandigarh to Dharamshala (Himachal Pradesh),https://www.redbus.in/bus-tickets/chandigarh-to-dharamshala
23,Chandigarh to Talwara,https://www.redbus.in/bus-tickets/chandigarh-to-talwara
24,Chandigarh to Amritsar,https://www.redbus.in/bus-tickets/chandigarh-to-amritsar
25,Chandigarh to Agra,https://www.redbus.in/bus-tickets/chandigarh-to-agra
26,Rohtak to Chandigarh,https://www.redbus.in/bus-tickets/rohtak-to-chandigarh
27,Narnaul to Chandigarh,https://www.redbus.in/bus-tickets/narnaul-to-chandigarh
28,Amritsar to Chandigarh,https://www.redbus.in/bus-tickets/amritsar-to-chandigarh
29,Chandigarh to Haridwar,https://www.redbus.in/bus-tickets/chandigarh-to-haridwar
30,Hisar (Haryana) to Chandigarh,https://www.redbus.in/bus-tickets/hisar-haryana-to-chandigarh
31,Dharamshala (Himachal Pradesh) to Chandigarh,https://www.redbus.in/bus-tickets/dharamshala-to-chandigarh
32,Jawala Ji to Chandigarh,https://www.redbus.in/bus-tickets/jawala-ji-to-chandigarh
33,Baijnath to Chandigarh,https://www.redbus.in/bus-tickets/baijnath-to-chandigarh
34,Chandigarh to Rohtak,https://www.redbus.in/bus-tickets/chandigarh-to-rohtak
35,Chandigarh to Hisar (Haryana),https://www.redbus.in/bus-tickets/chandigarh-to-hisar-haryana
36,Chandigarh to Una (Himachal Pradesh),https://www.redbus.in/bus-tickets/chandigarh-to-una
37,Chandigarh to Rishikesh,https://www.redbus.in/bus-tickets/chandigarh-to-rishikesh
38,Rishikesh to Chandigarh,https://www.redbus.in/bus-tickets/rishikesh-to-chandigarh
39,Shimla to Chandigarh,https://www.redbus.in/bus-tickets/shimla-to-chandigarh
40,Agra to Chandigarh,https://www.redbus.in/bus-tickets/agra-to-chandigarh
41,Haldwani to Chandigarh,https://www.redbus.in/bus-tickets/haldwani-to-chandigarh
42,Jammu (j and k) to Chandigarh,https://www.redbus.in/bus-tickets/jammu-to-chandigarh
43,Chandigarh to Narnaul,https://www.redbus.in/bus-tickets/chandigarh-to-narnaul
44,Chandigarh to Jawala Ji,https://www.redbus.in/bus-tickets/chandigarh-to-jawala-ji
45,Chandigarh to Jammu (j and k),https://www.redbus.in/bus-tickets/chandigarh-to-jammu
46,Firozpur to Chandigarh,https://www.redbus.in/bus-tickets/ferozpur-to-chandigarh
47,Hansi to Chandigarh,https://www.redbus.in/bus-tickets/hansi-to-chandigarh
48,Chandigarh to Haldwani,https://www.redbus.in/bus-tickets/chandigarh-to-haldwani
49,Chandigarh to Firozpur,https://www.redbus.in/bus-tickets/chandigarh-to-ferozpur
